{
  "__type__": "cc.SpriteFrame",
  "content": {
    "name": "babyMermaid4",
    "atlas": "",
    "rect": {
      "x": 3,
      "y": 0,
      "width": 763,
      "height": 644
    },
    "offset": {
      "x": 1.5,
      "y": 0
    },
    "originalSize": {
      "width": 766,
      "height": 644
    },
    "rotated": false,
    "capInsets": [
      0,
      0,
      0,
      0
    ],
    "vertices": {
      "rawPosition": [
        -381.5,
        -322,
        0,
        381.5,
        -322,
        0,
        -381.5,
        322,
        0,
        381.5,
        322,
        0
      ],
      "indexes": [
        0,
        1,
        2,
        2,
        1,
        3
      ],
      "uv": [
        3,
        644,
        766,
        644,
        3,
        0,
        766,
        0
      ],
      "nuv": [
        0.0039164490861618795,
        0,
        1,
        0,
        0.0039164490861618795,
        1,
        1,
        1
      ],
      "minPos": {
        "x": -381.5,
        "y": -322,
        "z": 0
      },
      "maxPos": {
        "x": 381.5,
        "y": 322,
        "z": 0
      }
    },
    "texture": "bed325c1-92ff-4c66-8874-a15680dbdb82@6c48a",
    "packable": true,
    "pixelsToUnit": 100,
    "pivot": {
      "x": 0.5,
      "y": 0.5
    },
    "meshType": 0
  }
}