{
  "__type__": "cc.SpriteFrame",
  "content": {
    "name": "baby3",
    "atlas": "",
    "rect": {
      "x": 2,
      "y": 0,
      "width": 514,
      "height": 928
    },
    "offset": {
      "x": -0.5,
      "y": 0
    },
    "originalSize": {
      "width": 519,
      "height": 928
    },
    "rotated": false,
    "capInsets": [
      0,
      0,
      0,
      0
    ],
    "vertices": {
      "rawPosition": [
        -257,
        -464,
        0,
        257,
        -464,
        0,
        -257,
        464,
        0,
        257,
        464,
        0
      ],
      "indexes": [
        0,
        1,
        2,
        2,
        1,
        3
      ],
      "uv": [
        2,
        928,
        516,
        928,
        2,
        0,
        516,
        0
      ],
      "nuv": [
        0.0038535645472061657,
        0,
        0.9942196531791907,
        0,
        0.0038535645472061657,
        1,
        0.9942196531791907,
        1
      ],
      "minPos": {
        "x": -257,
        "y": -464,
        "z": 0
      },
      "maxPos": {
        "x": 257,
        "y": 464,
        "z": 0
      }
    },
    "texture": "7625d23e-5310-4160-b673-6813657e70d2@6c48a",
    "packable": true,
    "pixelsToUnit": 100,
    "pivot": {
      "x": 0.5,
      "y": 0.5
    },
    "meshType": 0
  }
}