{
  "__type__": "cc.SpriteFrame",
  "content": {
    "name": "babyMermaid1",
    "atlas": "",
    "rect": {
      "x": 0,
      "y": 12,
      "width": 670,
      "height": 897
    },
    "offset": {
      "x": 0,
      "y": -6
    },
    "originalSize": {
      "width": 670,
      "height": 909
    },
    "rotated": false,
    "capInsets": [
      0,
      0,
      0,
      0
    ],
    "vertices": {
      "rawPosition": [
        -335,
        -448.5,
        0,
        335,
        -448.5,
        0,
        -335,
        448.5,
        0,
        335,
        448.5,
        0
      ],
      "indexes": [
        0,
        1,
        2,
        2,
        1,
        3
      ],
      "uv": [
        0,
        897,
        670,
        897,
        0,
        0,
        670,
        0
      ],
      "nuv": [
        0,
        0,
        1,
        0,
        0,
        0.9867986798679867,
        1,
        0.9867986798679867
      ],
      "minPos": {
        "x": -335,
        "y": -448.5,
        "z": 0
      },
      "maxPos": {
        "x": 335,
        "y": 448.5,
        "z": 0
      }
    },
    "texture": "659ea1b2-f156-4f1a-a6ca-bede9e432a8a@6c48a",
    "packable": true,
    "pixelsToUnit": 100,
    "pivot": {
      "x": 0.5,
      "y": 0.5
    },
    "meshType": 0
  }
}