{
  "__type__": "cc.SpriteFrame",
  "content": {
    "name": "babyMermaid2",
    "atlas": "",
    "rect": {
      "x": 0,
      "y": 0,
      "width": 620,
      "height": 1087
    },
    "offset": {
      "x": -52.5,
      "y": 0
    },
    "originalSize": {
      "width": 725,
      "height": 1087
    },
    "rotated": false,
    "capInsets": [
      0,
      0,
      0,
      0
    ],
    "vertices": {
      "rawPosition": [
        -310,
        -543.5,
        0,
        310,
        -543.5,
        0,
        -310,
        543.5,
        0,
        310,
        543.5,
        0
      ],
      "indexes": [
        0,
        1,
        2,
        2,
        1,
        3
      ],
      "uv": [
        0,
        1087,
        620,
        1087,
        0,
        0,
        620,
        0
      ],
      "nuv": [
        0,
        0,
        0.8551724137931035,
        0,
        0,
        1,
        0.8551724137931035,
        1
      ],
      "minPos": {
        "x": -310,
        "y": -543.5,
        "z": 0
      },
      "maxPos": {
        "x": 310,
        "y": 543.5,
        "z": 0
      }
    },
    "texture": "21036948-3e14-47e7-971d-14fe4b7a68ba@6c48a",
    "packable": true,
    "pixelsToUnit": 100,
    "pivot": {
      "x": 0.5,
      "y": 0.5
    },
    "meshType": 0
  }
}