{
  "__type__": "cc.SpriteFrame",
  "content": {
    "name": "babyMermaid4",
    "atlas": "",
    "rect": {
      "x": 33,
      "y": 0,
      "width": 733,
      "height": 644
    },
    "offset": {
      "x": 16.5,
      "y": 0
    },
    "originalSize": {
      "width": 766,
      "height": 644
    },
    "rotated": false,
    "capInsets": [
      0,
      0,
      0,
      0
    ],
    "vertices": {
      "rawPosition": [
        -366.5,
        -322,
        0,
        366.5,
        -322,
        0,
        -366.5,
        322,
        0,
        366.5,
        322,
        0
      ],
      "indexes": [
        0,
        1,
        2,
        2,
        1,
        3
      ],
      "uv": [
        33,
        644,
        766,
        644,
        33,
        0,
        766,
        0
      ],
      "nuv": [
        0.04308093994778068,
        0,
        1,
        0,
        0.04308093994778068,
        1,
        1,
        1
      ],
      "minPos": {
        "x": -366.5,
        "y": -322,
        "z": 0
      },
      "maxPos": {
        "x": 366.5,
        "y": 322,
        "z": 0
      }
    },
    "texture": "6298e303-8c12-490a-a774-edf982cc7c02@6c48a",
    "packable": true,
    "pixelsToUnit": 100,
    "pivot": {
      "x": 0.5,
      "y": 0.5
    },
    "meshType": 0
  }
}